ID,PROJECT,HARNESS
42527008,libxml2,html
42527012,libxslt,xslt
42527015,libxslt,xslt
42527328,hdf5,h5_extended_fuzzer
42527383,exiv2,fuzz-read-print-write
42527409,libxaac,xaac_enc_fuzzer
42527431,libheif,file_fuzzer
42527438,harfbuzz,hb-subset-fuzzer
42527467,opensc,fuzz_pkcs15_crypt
42527509,libxaac,xaac_dec_fuzzer
42527526,hdf5,h5_extended_fuzzer
42527540,libxaac,xaac_dec_fuzzer
42527545,PcapPlusPlus,FuzzTarget
42527550,libxaac,xaac_enc_fuzzer
42527636,libxaac,xaac_enc_fuzzer
42527736,php-src,php-fuzz-tracing-jit
42527741,libxaac,xaac_enc_fuzzer
42527895,hdf5,h5_extended_fuzzer
42527948,libxaac,xaac_enc_fuzzer
42528035,libxaac,xaac_enc_fuzzer
42528049,libxaac,xaac_dec_fuzzer
42528067,libavc,svc_dec_fuzzer
42528141,mbedtls,fuzz_dtlsclient
42528175,libxaac,xaac_dec_fuzzer
42528228,lldpd,fuzz_edp
42528235,assimp,assimp_fuzzer
42528352,libdwarf,fuzz_stack_frame_access
42528426,opensc,fuzz_pkcs15init
42528530,libxaac,xaac_dec_fuzzer
42528604,harfbuzz,hb-subset-fuzzer
42528680,libdwarf,fuzz_findfuncbypc
42528694,libxml2,valid
42528698,libxml2,valid
42528740,mbedtls,fuzz_server
42528757,libxml2,html
42528792,libdwarf,fuzz_init_path
42528850,libxml2,xml
42528877,libxaac,xaac_enc_fuzzer
42528883,libdwarf,fuzz_macro_dwarf4
42528891,mbedtls,fuzz_dtlsclient
42528894,glog,fuzz_demangle
42528938,radare2,ia_fuzz
42528949,libxml2,schema
42528951,libxml2,xpath
42528972,opensc,fuzz_pkcs15init
42528997,libxml2,schema
42529030,libxml2,xml
42529037,opensc,fuzz_pkcs15_crypt
42529061,ghostpdl,gs_device_tiffsep1_fuzzer
42529112,libxaac,xaac_enc_fuzzer
42529327,imagemagick,encoder_bmp3_fuzzer
42529360,coturn,FuzzStun
42529482,libxaac,xaac_dec_fuzzer
42529484,matio,matio_fuzzer
42529507,opensc,fuzz_pkcs15_crypt
42529524,php-src,php-fuzz-tracing-jit
42529542,php-src,php-fuzz-tracing-jit
42529650,php-src,php-fuzz-tracing-jit
42529661,php-src,php-fuzz-tracing-jit
42529681,hdf5,h5_extended_fuzzer
42529687,php-src,php-fuzz-function-jit
42529804,imagemagick,encoder_png00_fuzzer
42529812,lcms,cms_transform_all_fuzzer
42529909,opensc,fuzz_pkcs15_decode
42529915,lcms,cms_cgats_fuzzer
42529931,lcms,cms_profile_fuzzer
42529975,imagemagick,encoder_gif_fuzzer
42530069,matio,matio_fuzzer
42530090,PcapPlusPlus,FuzzTarget
42530091,PcapPlusPlus,FuzzTargetNg
42530097,PcapPlusPlus,FuzzWriterNg
42530105,PcapPlusPlus,FuzzTarget
42530108,PcapPlusPlus,FuzzTarget
42530135,exiv2,fuzz-read-print-write
42530151,lcms,cms_postscript_fuzzer
42530168,opensc,fuzz_pkcs15init
42530195,PcapPlusPlus,FuzzTarget
42530206,opensc,fuzz_pkcs15init
42530230,PcapPlusPlus,FuzzTarget
42530284,libavc,mvc_dec_fuzzer
42530446,libavc,svc_dec_fuzzer
42530447,libavc,svc_dec_fuzzer
42530451,libavc,svc_dec_fuzzer
42530453,libavc,svc_dec_fuzzer
42530547,opensc,fuzz_pkcs11
42530550,hdf5,h5_extended_fuzzer
42530554,radare2,ia_fuzz
42530559,libavc,svc_dec_fuzzer
42530568,libavc,svc_dec_fuzzer
42530604,jq,jq_fuzz_parse_extended
42530675,radare2,ia_fuzz
42530705,matio,matio_fuzzer
42530823,jq,jq_fuzz_execute
42530909,selinux,binpolicy-fuzzer
42530920,harfbuzz,hb-draw-fuzzer
42530963,opensc,fuzz_pkcs15init
42531033,libxaac,xaac_dec_fuzzer
42531092,libxml2,xml
42531108,libraw,libraw_fuzzer
42531113,libavc,svc_dec_fuzzer
42531126,libxml2,html
42531141,libavc,svc_dec_fuzzer
42531143,libavc,svc_dec_fuzzer
42531145,libavc,svc_dec_fuzzer
42531203,libxml2,html
42531314,libssh2,ssh2_client_fuzzer
42531481,libxml2,xml
42531532,libxml2,xinclude
42531542,libavc,mvc_dec_fuzzer
42531837,opensc,fuzz_pkcs15init
42531940,qpdf,qpdf_fuzzer
42532259,simdutf,roundtrip
42532339,imagemagick,encoder_gif_fuzzer
42532360,libxml2,valid
42532498,leptonica,pixa_recog_fuzzer
42532684,libxml2,xml
42532747,libxml2,xml
42532863,geos,fuzz_geo2
42532885,matio,matio_fuzzer
42532942,libxml2,xml
42533504,aom,av1_dec_fuzzer
42533540,aom,av1_dec_fuzzer
42533922,libxml2,api
42533950,libxml2,api
42534044,libxml2,api
42534512,libxml2,api
42534536,inchi,inchi_input_fuzzer
42534645,exiv2,fuzz-read-print-write
42534760,inchi,inchi_input_fuzzer
42534812,mosquitto,broker_fuzz_test_config
42534845,libxml2,api
42534959,inchi,inchi_input_fuzzer
42535152,qpdf,qpdf_fuzzer
42535235,inchi,inchi_input_fuzzer
42535348,mpv,fuzzer_protocol_lavf
42535447,libultrahdr,ultrahdr_dec_fuzzer
42535461,libultrahdr,ultrahdr_dec_fuzzer
42535635,libultrahdr,ultrahdr_dec_fuzzer
42535840,libultrahdr,ultrahdr_dec_fuzzer
42536001,pacemaker,iso8601_fuzzer
42536064,inchi,inchi_input_fuzzer
42536079,inchi,inchi_input_fuzzer
42536108,miniz,zip_fuzzer
42536112,miniz,zip_fuzzer
42536161,wamr,wasm_mutator_fuzz
42536250,inchi,inchi_input_fuzzer
42536271,wamr,wasm_mutator_fuzz
42536536,qpdf,future_qpdf_fuzzer
42536593,inchi,inchi_input_fuzzer
42536641,inchi,inchi_input_fuzzer
42536963,libxml2,html
42537128,libtpms,fuzz
42537493,libxml2,lint
42537987,simdutf,conversion
42538086,simdutf,conversion
