ID,Project,Harnesses
1,apache-httpd,fuzz_addr_parse,fuzz_tokenize,fuzz_utils,fuzz_preq,fuzz_uri,fuzz_request,fuzz_parse,pcre2pcre2_fuzzsupport.c
2,bind9,isc_lex_gettoken_fuzzer,dns_message_parse_fuzzer,dns_name_fromwire_fuzzer,isc_lex_getmastertoken_fuzzer,dns_qpkey_name_fuzzer,dns_qp_fuzzer,dns_rdata_fromwire_text_fuzzer,dns_master_load_fuzzer,dns_rdata_fromtext_fuzzer,dns_name_fromtext_target_fuzzer,dns_message_checksig_fuzzer
3,civetweb,civetweb_fuzz1,civetweb_fuzz3,civetweb_fuzz2
4,clib,fuzz_manifest
5,cmake,xml_parser_fuzzer
6,coturn,FuzzStun,FuzzStunClient
7,croaring,croaring_fuzzer,croaring_fuzzer_cc
8,dnsmasq,fuzz_util
9,dovecot,fuzz-imap-utf7,fuzz-imap-bodystructure,fuzz-message-parser,fuzz-json-istream,fuzz-smtp-server
10,flex,fuzz-scanopt,fuzz-main
11,freerdp,TestFuzzCryptoCertificateDataSetPEM,TestFuzzCodecs,TestFuzzCommonAssistanceBinToHexString,TestFuzzCommonAssistanceHexStringToBin,TestFuzzCommonAssistanceParseFileBuffer,TestFuzzCoreServer,TestFuzzCoreClient
12,fribidi,fribidi-fuzzer
13,fwupd,empty-file.cpp
14,gdbm,gdbm_fuzzer
15,gpsd,FuzzJson,FuzzPacket
16,gss-ntlmssp,fuzz-accept-sec-context
17,igraph,read_dimacs_flow,read_lgl,read_ncol,basic_properties_undirected,basic_properties_directed,read_graphdb,edge_connectivity,read_dl,read_pajek,read_edgelist,vertex_separators,read_gml,weighted_community,community,vertex_connectivity,centrality,misc_algos,weighted_centrality,misc_algos_weighted,linear_algos_undirected,linear_algos_directed,bliss,read_graphml,write_all_gml,write_all_graphml
18,jpegoptim,libjpeg_compression_fuzzer,libjpegturbo_compression_fuzzer,mozjpeg_compression_fuzzer
19,jq,jq_fuzz_parse,jq_fuzz_parse_stream,jq_fuzz_load_file,jq_fuzz_parse_extended,jq_fuzz_compile,jq_fuzz_execute,jq_fuzz_fixed
20,kamailio,fuzz_uri,fuzz_parse_msg
21,krb5,fuzz_json,fuzz_des,fuzz_profile,fuzz_marshal_princ,fuzz_marshal_cred,fuzz_util,fuzz_aes,fuzz_chpw,fuzz_pac,fuzz_krad,fuzz_kdc,fuzz_krb,fuzz_ndr,fuzz_oid,fuzz_attrset,fuzz_crypto,fuzz_asn,fuzz_krb5_ticket,fuzz_gss
22,libbpf,bpf-object-fuzzer
23,libcue,fuzz
24,libdwarf,fuzz_init_binary,fuzz_rng,fuzz_gdbindex,fuzz_die_cu_e_print,fuzz_aranges,fuzz_debuglink,fuzz_showsectgrp,fuzz_crc,fuzz_macro_dwarf5,fuzz_die_cu_attrs_loclist,fuzz_die_cu,fuzz_gnu_index,fuzz_xuindex,fuzz_debug_str,fuzz_stack_frame_access,fuzz_crc_32,fuzz_dnames,fuzz_globals,fuzz_srcfiles,fuzz_die_cu_attrs,fuzz_findfuncbypc,fuzz_macro_dwarf4,fuzz_simplereader_tu,fuzz_die_cu_offset,fuzz_die_cu_print,fuzz_init_path,fuzz_die_cu_info1,fuzz_set_frame_all,fuzz_debug_addr_access,fuzz_init_b,fuzz_die_cu_e,fuzz_tie,fuzz_str_offsets
25,libhtp,fuzz_htp_c
26,libiec61850,fuzz_mms_decode
27,libjpeg-turbo,cjpeg_fuzzer_3_0_x,cjpeg_fuzzer,compress16_lossless_fuzzer_3_0_x,compress_lossless_fuzzer,compress_fuzzer_3_0_x,transform_fuzzer_3_0_x,compress12_lossless_fuzzer,compress12_fuzzer_3_0_x,compress_fuzzer,compress16_lossless_fuzzer,decompress_yuv_fuzzer,decompress_yuv_fuzzer_3_0_x,transform_fuzzer,compress_yuv_fuzzer,compress12_lossless_fuzzer_3_0_x,compress_lossless_fuzzer_3_0_x,compress_yuv_fuzzer_3_0_x,libjpeg_turbo_fuzzer_3_0_x,compress12_fuzzer,libjpeg_turbo_fuzzer
28,liblouis,table_fuzzer,fuzz_backtranslate,fuzz_translate_generic
29,liboqs,fuzz_test_kem,fuzz_test_sig
30,libsndfile,sndfile_fuzzer,sndfile_alt_fuzzer
31,libssh,ssh_known_hosts_fuzzer,ssh_privkey_fuzzer,ssh_bind_config_fuzzer,ssh_client_config_fuzzer,ssh_sshsig_fuzzer,ssh_pubkey_fuzzer,ssh_server_fuzzer,ssh_client_fuzzer
32,libunwind,fuzz_libunwind
33,libwebsockets,lws_upng_inflate_fuzzer
34,libxlsxwriter,xlsx_fuzzer
35,libyang,lys_parse_mem,lyd_parse_mem_xml,lyd_parse_mem_json
36,lighttpd,fuzz_burl
37,lldpd,fuzz_edp,fuzz_sonmp,fuzz_cdp,fuzz_lldp
38,llhttp,fuzz_parser
39,lua,luaL_buffsub_test,luaL_traceback_test,luaL_buffaddr_test,lua_dump_test,torture_test,luaL_gsub_test,luaL_bufflen_test,luaL_loadbufferx_test,fuzz_lua,luaL_loadstring_test,luaL_loadbuffer_test,luaL_addgsub_test,lua_stringtonumber_test,luaL_dostring_test,luaL_loadbuffer_proto_test,lua_load_test
40,lxc,fuzz-lxc-config-read,fuzz-lxc-cgroup-init,fuzz-lxc-define-load
41,md4c,fuzz-mdhtml
42,mdbtools,fuzz_mdb
43,miniz,flush_fuzzer,uncompress_fuzzer,large_fuzzer,compress_fuzzer,checksum_fuzzer,uncompress2_fuzzer,small_fuzzer,zip_fuzzer,add_in_place_fuzzer
44,ntpsec,FuzzServer,FuzzExtens,FuzzClient
45,numactl,fuzz_parse_str
46,oniguruma,fuzzer
47,open5gs,gtp_message_fuzz,nas_message_fuzz
48,opensips,fuzz_csv_parser,fuzz_core_funcs,fuzz_msg_parser,fuzz_uri_parser
49,p11-kit,rpc_fuzzer
50,pjsip,fuzz-crypto,fuzz-h264,fuzz-dns,fuzz-stun,fuzz-sdp,fuzz-vpx,fuzz-http,fuzz-xml,fuzz-url,fuzz-json,fuzz-uri,fuzz-rtcp,fuzz-sip
51,plan9port,fuzz_libsec
52,postfix,fuzz_tok822,fuzz_mime
53,proftpd,fuzzer
54,pupnp,FuzzIxml
55,quickjs,fuzz_regexp,fuzz_compile,fuzz_eval
56,rabbitmq-c,fuzz_url,fuzz_table,fuzz_server
57,rtpproxy,fuzz_rtp_parser,fuzz_rtcp_parser,fuzz_rtp_session,fuzz_command_parser
58,selinux,selabel_file_compiled-fuzzer,selabel_file_text-fuzzer,binpolicy-fuzzer,checkpolicy-fuzzer,secilc-fuzzer
59,sudoers,fuzz_iolog_legacy,fuzz_iolog_json,fuzz_iolog_timing,fuzz_sudo_conf,fuzz_logsrvd_conf,fuzz_sudoers_ldif,fuzz_sudoers,fuzz_policy
60,tinysparql,fuzz_query,fuzz_rdf_turtle,fuzz_rdf_trig,fuzz_rdf_jsonld
61,tmux,input-fuzzer
62,unbound,fuzz_2_fuzzer,fuzz_3_fuzzer,fuzz_1_fuzzer,fuzz_4_fuzzer,parse_packet_fuzzer
63,unit,fuzz_http_h1p_peer,fuzz_json,fuzz_http_controller,fuzz_http_h1p,fuzz_basic
64,util-linux,test_last_fuzz,test_blkid_fuzz,test_fdisk_script_fuzz,test_mount_fuzz
65,varnish,esi_parse_fuzzer
66,vlc,vlc-demux-dec-libfuzzer-vob
67,vulkan-loader,json_load_fuzzer,settings_fuzzer,instance_enumerate_fuzzer_split_input,instance_create_advanced_fuzzer,instance_create_fuzzer,instance_enumerate_fuzzer
68,wasm3,fuzzer
69,xen,x86_instruction_emulator
70,zip,fuzz_entry,fuzz_stream
71,zydis,ZydisFuzzDecoder,ZydisFuzzReEncoding,ZydisFuzzEncoder
72,ada-url,url_search_params,idna,can_parse,ada_c,url_pattern,parse
73,alembic,alembic_dump_info_fuzzer
74,aspell,aspell_fuzzer
75,astc-encoder,fuzz_astc_physical_to_symbolic
76,avahi,fuzz-ini-file-parser,fuzz-strlst,fuzz-domain,fuzz-consume-key,fuzz-consume-record,fuzz-packet
77,behaviortreecpp,script_fuzzer,bb_fuzzer,bt_fuzzer
78,brunsli,fuzz_decode_streaming,fuzz_decode
79,capstone,fuzz_disasmv5,fuzz_disasmnext
80,casync,fuzz-compress
81,c-blosc2,compress_frame_fuzzer,decompress_chunk_fuzzer,decompress_frame_fuzzer,compress_chunk_fuzzer
82,cctz,fuzz_cctz
83,cjson,cjson_read_fuzzer
84,cmark,cmark_fuzzer
85,cpp-httplib,server_fuzzer
86,crow,b64_fuzzer,template_fuzzer,request_fuzzer
87,curl,fuzz_url,curl_fuzzer
88,cxxopts,cxxopts_fuzz_test
89,dav1d,empty-file.cpp
90,double-conversion,string_to_double_fuzzer
91,draco,draco_mesh_decoder_fuzzer,draco_mesh_decoder_without_dequantization_fuzzer,draco_pc_decoder_without_dequantization_fuzzer,draco_pc_decoder_fuzzer
92,dropbear,fuzzer-kexdh,fuzzer-kexsntrup-srv,fuzzer-pubkey,fuzzer-kexecdh,fuzzer-postauth_nomaths,fuzzer-kexmlkem-cli,fuzzer-cliconf,fuzzer-kexcurve25519,fuzzer-verify,fuzzer-kexmlkem-srv,fuzzer-client_nomaths,fuzzer-preauth_nomaths,fuzzer-kexsntrup-cli,fuzzer-client,fuzzer-preauth
93,elfutils,fuzz-libelf,fuzz-libdwfl,fuzz-dwfl-core
94,exiv2,fuzz-read-print-write
95,expat,xml_parsebuffer_fuzzer_UTF-8,xml_parsebuffer_fuzzer_US-ASCII,xml_parsebuffer_fuzzer_UTF-16,xml_parse_fuzzer_US-ASCII,xml_parsebuffer_fuzzer_ISO-8859-1,xml_parse_fuzzer_UTF-8,xml_parse_fuzzer_UTF-16,xml_parsebuffer_fuzzer_UTF-16BE,xml_parsebuffer_fuzzer_UTF-16LE,xml_parse_fuzzer_UTF-16LE,xml_parse_fuzzer_ISO-8859-1,xml_parse_fuzzer_UTF-16BE,xml_lpm_fuzzer
96,exprtk,exprtk_fuzzer
97,fftw3,fftw3_fuzzer
98,flac,fuzzer_exo,fuzzer_seek,fuzzer_metadata,fuzzer_encoder_v2,fuzzer_decoder,fuzzer_tool_metaflac,fuzzer_tool_flac,fuzzer_reencoder,fuzzer_encoder
99,flatbuffers,flexverifier_fuzzer,64bit_fuzzer,verifier_fuzzer,annotator_fuzzer,parser_fuzzer,scalar_fuzzer,monster_fuzzer
100,freetype2,ftfuzzer
101,geos,fuzz_geo2
102,glaze,json_minify,json_roundtrip_string,json_prettify,csv_parsing,json_roundtrip_floating,json_reflection,binary_reflection,json_generic,json_with_comments,json_roundtrip_int
103,glslang,compile_fuzzer
104,grpc-httpjson-transcoding,http_template_fuzz_test,message_reader_fuzz_test
105,h2o,h2o-fuzzer-url,h2o-fuzzer-http2,h2o-fuzzer-http1,h2o-fuzzer-http3
106,harfbuzz,hb-set-fuzzer,hb-repacker-fuzzer,hb-draw-fuzzer,hb-shape-fuzzer,hb-subset-fuzzer
107,highwayhash,sip_hash_fuzzer,highwayhash_fuzzer
108,hoextdown,hoedown_fuzzer
109,hostap,asn1,json,eap-mschapv2-peer,radius,eap-sim-peer,x509,pasn-init,dpp-uri,sae,eap-aka-peer,pasn-resp,tls-client,tls-server,p2p,eapol-supp,eapol-key-supp,eapol-key-auth,ap-mgmt,wnm
110,hpn-ssh,authopt_fuzz,sig_fuzz,sshsigopt_fuzz,pubkey_fuzz,privkey_fuzz,kex_fuzz,sshsig_fuzz,agent_fuzz
111,htslib,hts_open_fuzzer
112,hunspell,fuzzer,affdicfuzzer
113,ibmswtpm2,fuzz_tpm_server
114,immer,array-gc,set,array,set-st,set-st-str-conflict,vector-st,vector,set-gc,map-st,map,set-st-str,vector-gc,map-gc,map-st-str,map-st-str-conflict,flex-vector-st,flex-vector-bo,flex-vector,flex-vector-gc
115,janet,fuzz_dostring
116,jansson,json_load_dump_fuzzer
117,janus-gateway,rtp_fuzzer,sdp_fuzzer,rtcp_fuzzer
118,jsoncons,fuzz_ubjson_encoder,fuzz_bson_encoder,fuzz_ubjson_parser_max,fuzz_cbor_encoder,fuzz_bson_parser_max,fuzz_cbor_parser_max,fuzz_ubjson,fuzz_msgpack_encoder,fuzz_msgpack_parser_max,fuzz_msgpack,fuzz_bson,fuzz_json_cursor,fuzz_cbor,fuzz_parse,fuzz_json_parser_max,fuzz_json_encoder,fuzz_csv_encoder,fuzz_csv
119,json,parse_bson_fuzzer,parse_msgpack_fuzzer,parse_cbor_fuzzer,parse_ubjson_fuzzer,parse_bjdata_fuzzer,parse_afl_fuzzer
120,jsonnet,convert_jsonnet_fuzzer_regular,convert_jsonnet_fuzzer_stream,convert_jsonnet_fuzzer_multi
121,keystone,fuzz_asm_riscv32,fuzz_asm_mipsbe,fuzz_asm_mips64be,fuzz_asm_arm_thumbv8be,fuzz_asm_x86_64,fuzz_asm_sparc64be,fuzz_asm_arm_thumbv8,fuzz_asm_arm_thumbbe,fuzz_asm_x86_32,fuzz_asm_arm_armbe,fuzz_asm_arm_arm,fuzz_asm_ppc64be,fuzz_asm_mips,fuzz_asm_x86_16,fuzz_asm_sparc,fuzz_asm_mips64,fuzz_asm_arm_armv8be,fuzz_asm_riscv64,fuzz_asm_ppc64,fuzz_asm_evm,fuzz_asm_armv8_arm,fuzz_asm_ppc32be,fuzz_asm_hex,fuzz_asm_arm64_arm,fuzz_asm_arm_thumb,fuzz_asm_systemz,fuzz_asm_sparcbe
122,lcms,cms_devicelink_fuzzer,cms_profile_fuzzer,cms_dict_fuzzer,cms_md5_fuzzer,cms_cgats_fuzzer,cms_virtual_profile_fuzzer,cms_universal_transform_fuzzer,cms_transform_all_fuzzer,cms_transform_fuzzer,cms_transform_extended_fuzzer,cmsIT8_load_fuzzer,cms_cie_cam02_fuzzer,cms_gdb_fuzzer,cms_overwrite_transform_fuzzer,cms_postscript_fuzzer
123,leveldb,fuzz_db
124,libarchive,libarchive_fuzzer
125,libass,libass_fuzzer
126,libavc,avc_enc_fuzzer,avc_dec_fuzzer,svc_enc_fuzzer,mvc_dec_fuzzer,svc_dec_fuzzer
127,libavif,empty-file.cpp
128,libcoap,split_uri_fuzzer,pdu_parse_udp_fuzzer,pdu_parse_ws_fuzzer,pdu_parse_tcp_fuzzer
129,libevent,utils_fuzzer,buffer_add_file_fuzzer,buffer_fuzzer,dns_config_fuzzer,parse_query_fuzzer,http_fuzzer,bufferevent_fuzzer
130,libexif,exif_loader_fuzzer,exif_from_data_fuzzer
131,libfdk-aac,aacDecoder_Open,aacDecoder_ConfigRaw,aacDecoder_DecodeFrame
132,libgit2,objects_fuzzer,config_file_fuzzer,midx_fuzzer,commit_graph_fuzzer,download_refs_fuzzer,patch_parse_fuzzer,packfile_fuzzer,revparse_fuzzer
133,libheif,encoder_fuzzer,color_conversion_fuzzer,box_fuzzer,file_fuzzer
134,libhevc,hevc_dec_fuzzer,hevc_enc_fuzzer
135,libical,libical_fuzzer,libical_extended_fuzzer
136,libmpeg2,mpeg2_dec_fuzzer
137,libpcap,fuzz_filter,fuzz_pcap,fuzz_both
138,libplist,oplist_fuzzer,xplist_fuzzer,jplist_fuzzer,bplist_fuzzer
139,libpng,libpng_read_fuzzer
140,libprotobuf-mutator,expat_example,libxml2_example
141,libraw,libraw_fuzzer
142,libsass,data_context_fuzzer
143,libsodium,secret_key_auth_fuzzer,secretbox_easy_fuzzer
144,libsoup,fuzz_header_parsing,fuzz_date_time,fuzz_cookie_parse,fuzz_decode_data_uri,fuzz_content_sniffer
145,libsrtp,srtp-fuzzer
146,libssh2,ssh2_client_fuzzer
147,libtiff,tiff_read_rgba_fuzzer
148,libtorrent,torrent_info,peer_conn,utp,bdecode_node,add_torrent,http_parser,upnp,session_params,file_storage_add_file,http_tracker,resume_data,dht_node,sanitize_path
149,libtpms,fuzz
150,libultrahdr,ultrahdr_legacy_fuzzer,ultrahdr_dec_fuzzer,ultrahdr_enc_fuzzer
151,libusb,libusb_fuzzer
152,libvnc,fuzz_server
153,libvpx,vpx_dec_fuzzer_vp8,vpx_dec_fuzzer_vp9
154,libwebp,empty-file.cpp
155,libxaac,xaac_enc_fuzzer,xaac_dec_fuzzer
156,libxml2,uri,html,regexp,xpath,xml,xinclude,schema,reader,lint,api,valid
157,libxslt,xpath,xslt
158,libzip,zip_write_encrypt_pkware_file_fuzzer,zip_read_file_fuzzer,zip_write_encrypt_aes256_file_fuzzer,zip_read_fuzzer
159,libzmq,test_z85_decode_fuzzer,test_bind_ws_fuzzer,test_bind_null_fuzzer,test_connect_ws_fuzzer,test_bind_stream_fuzzer,test_bind_fuzzer,test_bind_curve_fuzzer,test_connect_stream_fuzzer,test_connect_null_fuzzer,test_socket_options_fuzzer,test_connect_fuzzer,test_connect_curve_fuzzer
160,lodepng,lodepng_fuzzer
161,lz4,decompress_fuzzer,decompress_frame_fuzzer,compress_hc_fuzzer,compress_fuzzer,round_trip_stream_fuzzer,compress_frame_fuzzer,round_trip_hc_fuzzer,round_trip_fuzzer,round_trip_frame_fuzzer,round_trip_frame_uncompressed_fuzzer
162,lzma,ppmdenc_fuzzer,filters_fuzzer,lzmadec_fuzzer,lzma2dec_fuzzer,7z_fuzzer,xzdec_fuzzer,lzma2enc_fuzzer,lzmaenc_fuzzer,xzenc_fuzzer
163,lzo,lzo_compress_target,lzo_decompress_target,all_lzo_compress
164,meshoptimizer,codecfuzzer
165,minizip,zip_fuzzer,unzip_fuzzer
166,mosh,terminal_parser_fuzzer,terminal_fuzzer
167,mpg123,decode_fuzzer,read_fuzzer
168,muparser,set_eval_fuzzer
169,ndpi,fuzz_ds_patricia,fuzz_alg_shoco,fuzz_ds_ptree,fuzz_alg_bins,fuzz_alg_crc32_md5,fuzz_tls_certificate,fuzz_filecfg_risk_domains,fuzz_filecfg_malicious_ja4,fuzz_community_id,fuzz_ds_cmsketch,fuzz_filecfg_categories,fuzz_ds_bitmap64_fuse,fuzz_ds_libcache,fuzz_ds_ahocorasick,fuzz_process_packet,fuzz_gcrypt_cipher,fuzz_serialization,fuzz_ds_hash,fuzz_alg_strnstr,fuzz_alg_bytestream,fuzz_ndpi_reader,fuzz_filecfg_protocols,fuzz_ds_domain_classify,fuzz_ds_btree,fuzz_alg_quick_encryption,fuzz_ds_tree,fuzz_alg_hw_rsi_outliers_da,fuzz_gcrypt_light,fuzz_alg_jitter,fuzz_filecfg_malicious_sha1,fuzz_dga,fuzz_quic_get_crypto_data,fuzz_readerutils_workflow,fuzz_libinjection,fuzz_ds_address_cache,fuzz_filecfg_category,fuzz_alg_memmem,fuzz_alg_ses_des,fuzz_binaryfusefilter,fuzz_gcrypt_gcm,fuzz_gcrypt_aes,fuzz_filecfg_config,fuzz_alg_hll,fuzz_ds_kdtree,fuzz_config
170,nestegg,fuzz
171,ninja,fuzzer
172,njs,njs_process_script_fuzzer
173,oatpp,fuzz_mapper
174,ogre,stream_fuzz,image_fuzz
175,open62541,fuzz_base64_decode,fuzz_xml_decode_encode,fuzz_json_decode_encode,fuzz_binary_decode,fuzz_mdns_message,fuzz_mdns_xht,fuzz_json_decode,fuzz_attributeoperand,fuzz_base64_encode,fuzz_src_ua_util,fuzz_binary_message,fuzz_tcp_message
176,opendnp3,fuzzdecoder,fuzzmaster,fuzzoutstation
177,openexr,openexr_exrcorecheck_fuzzer,openexr_exrcheck_fuzzer
178,openh264,decoder_fuzzer
179,opennavsurf-bag,bag_read_fuzzer,bag_extended_fuzzer
180,opensc,fuzz_scconf_parse_string,fuzz_asn1_print,fuzz_asn1_sig_value,fuzz_piv_tool,fuzz_pkcs15_tool,fuzz_card,fuzz_pkcs15_decode,fuzz_pkcs15_encode,fuzz_pkcs15_crypt,fuzz_pkcs15_reader,fuzz_pkcs15init,fuzz_pkcs11
181,openssh,sshsigopt_fuzz,privkey_fuzz,sig_fuzz,authopt_fuzz,pubkey_fuzz,agent_fuzz,sshsig_fuzz,kex_fuzz
182,openvswitch,json_parser_target,flow_extract_target,miniflow_target,odp_target,ofctl_parse_target,ofp_print_target
183,opus,opus_encode_fuzzer_fixed_qext,opus_projection_decoder_fuzzer_floating,opus_multistream_decode_fuzzer_floating,opus_projection_decoder_fuzzer_floating_qext,opus_projection_decoder_fuzzer_fixed,opus_encode_fuzzer_floating,opus_multistream_encode_fuzzer_floating,opus_projection_encoder_fuzzer_fixed,opus_projection_encoder_fuzzer_fixed_qext,opus_multistream_encode_fuzzer_fixed,opus_multistream_encode_fuzzer_fixed_qext,opus_repacketizer_fuzzer_floating,opus_multistream_decode_fuzzer_fixed,opus_repacketizer_fuzzer_fixed_qext,opus_repacketizer_fuzzer_floating_qext,opus_projection_decoder_fuzzer_fixed_qext,opus_multistream_decode_fuzzer_fixed_qext,opus_repacketizer_fuzzer_fixed,opus_projection_encoder_fuzzer_floating_qext,opus_multistream_decode_fuzzer_floating_qext,opus_projection_encoder_fuzzer_floating,opus_multistream_encode_fuzzer_floating_qext,opus_encode_fuzzer_fixed,opus_encode_fuzzer_floating_qext
184,ots,ots-fuzzer
185,pcapplusplus,FuzzWriter
186,picotls,fuzz-server-hello,fuzz-client-hello
187,piex,fuzzer-piex
188,pistache,fuzz_parsers
189,proj4,proj_crs_to_crs_fuzzer
190,pugixml,fuzz_parse,fuzz_xpath
191,qpdf,future_lzw_fuzzer,future_pngpredictor_fuzzer,future_tiffpredictor_fuzzer,tiffpredictor_fuzzer,future_flate_fuzzer,ascii85_fuzzer,lzw_fuzzer,pngpredictor_fuzzer,future_hex_fuzzer,future_ascii85_fuzzer,runlength_fuzzer,flate_fuzzer,future_dct_fuzzer,dct_fuzzer,json_fuzzer,future_runlength_fuzzer,hex_fuzzer,future_qpdf_outlines_fuzzer,qpdf_outlines_fuzzer,future_qpdf_page_fuzzer,future_qpdf_fuzzer,future_qpdf_crypt_fuzzer,qpdf_lin_fuzzer,qpdf_fuzzer,qpdf_crypt_insecure_fuzzer,qpdf_crypt_fuzzer,qpdf_page_fuzzer,future_json_fuzzer,future_qpdf_crypt_insecure_fuzzer,future_qpdf_lin_fuzzer
192,re2,re2_fuzzer
193,readstat,fuzz_compression_sav,fuzz_grammar_spss_format,fuzz_format_stata_dictionary,fuzz_format_sas7bcat,fuzz_format_dta,fuzz_format_spss_commands,fuzz_format_sas_commands,fuzz_format_por,fuzz_format_xport,fuzz_format_sas7bdat,fuzz_format_sav
194,rnp,fuzz_sigimport,fuzz_verify_detached,fuzz_dump,fuzz_verify,fuzz_keyring_g10,fuzz_keyimport,fuzz_keyring,fuzz_keyring_kbx
195,s2opc,parse_tcp_uri_fuzzer,decode_fuzzer,sub_fuzzer,server_request_fuzzer
196,sentencepiece,sample_encode_fuzzer
197,shaderc,glslc_fuzzer,shaderc_fdp_fuzzer,shaderc_general_fuzzer,shaderc_fuzzer
198,simdutf,misc,base64,roundtrip,conversion
199,skcms,iccprofile_info,iccprofile_atf,iccprofile_transform
200,sleuthkit,mmls_dos_fuzzer,mmls_mac_fuzzer,mmls_sun_fuzzer,mmls_gpt_fuzzer,fls_fat_fuzzer,fls_iso9660_fuzzer,fls_apfs_fuzzer,fls_btrfs_fuzzer,fls_ext_fuzzer,fls_ntfs_fuzzer,fls_hfs_fuzzer
201,snappy,snappy_uncompress_fuzzer,snappy_compress_fuzzer
202,spdlog,pattern_fuzzer,log_fuzzer,format_fuzzer,backtrace_fuzzer,levels_fuzzer
203,speex,speex_decode_fuzzer_float,speex_encode_fuzzer_float,speex_decode_fuzzer_fixed,speex_encode_fuzzer_fixed
204,sqlite3,ossfuzz
205,sql-parser,fuzz_sql_parse
206,strongswan,fuzz_certs,fuzz_ocsp_req,fuzz_crls,fuzz_ids,fuzz_pb_tnc,fuzz_ocsp_rsp,fuzz_pa_tnc
207,tidy-html5,tidy_xml_fuzzer,tidy_parse_file_fuzzer,tidy_general_fuzzer,tidy_fuzzer,tidy_parse_string_fuzzer,tidy_config_fuzzer
208,tinygltf,fuzz_gltf
209,tinyobjloader,fuzz_ParseFromString
210,tinyxml2,xmltest2,xmltest
211,tpm2,tpm2_execute_command_fuzzer
212,tpm2-tss,Tss2_Sys_HashSequenceStart_Complete,Tss2_Sys_DictionaryAttackParameters_Complete,Tss2_Sys_ClearControl_Complete,Tss2_Sys_PolicyPassword_Complete,Tss2_Sys_ChangeEPS_Prepare,Tss2_Sys_PolicyPhysicalPresence_Complete,Tss2_Sys_Duplicate_Prepare,Tss2_Sys_MAC_Start_Complete,Tss2_Sys_PolicySecret_Prepare,Tss2_Sys_PolicyOR_Complete,Tss2_Sys_HierarchyControl_Complete,Tss2_Sys_PolicyCpHash_Prepare,Tss2_Sys_Certify_Prepare,Tss2_Sys_PolicyTemplate_Prepare,Tss2_Sys_Commit_Complete,Tss2_Sys_NV_SetBits_Complete,Tss2_Sys_ContextLoad_Complete,Tss2_Sys_NV_GlobalWriteLock_Complete,Tss2_Sys_PolicySecret_Complete,Tss2_Sys_PolicyTicket_Prepare,Tss2_Sys_Load_Complete,Tss2_Sys_MAC_Prepare,Tss2_Sys_Vendor_TCG_Test_Complete,Tss2_Sys_NV_ReadLock_Prepare,Tss2_Sys_StartAuthSession_Complete,Tss2_Sys_GetTestResult_Complete,Tss2_Sys_FirmwareRead_Prepare,Tss2_Sys_DictionaryAttackParameters_Prepare,Tss2_Sys_GetTime_Complete,Tss2_Sys_PCR_SetAuthPolicy_Prepare,Tss2_Sys_ClockRateAdjust_Prepare,Tss2_Sys_PolicyRestart_Prepare,Tss2_Sys_PolicyLocality_Prepare,Tss2_Sys_FlushContext_Prepare,Tss2_Sys_Certify_Complete,Tss2_Sys_FieldUpgradeStart_Prepare,Tss2_Sys_StirRandom_Complete,Tss2_Sys_PolicyDuplicationSelect_Complete,Tss2_Sys_AC_Send_Complete,Tss2_Sys_SetCommandCodeAuditStatus_Complete,Tss2_Sys_Import_Complete,Tss2_Sys_ECC_Parameters_Prepare,Tss2_Sys_MAC_Start_Prepare,Tss2_Sys_GetRandom_Complete,Tss2_Sys_DictionaryAttackLockReset_Prepare,Tss2_Sys_PolicyRestart_Complete,Tss2_Sys_PCR_Allocate_Complete,Tss2_Sys_PolicyOR_Prepare,Tss2_Sys_NV_Increment_Prepare,Tss2_Sys_NV_UndefineSpace_Prepare,Tss2_Sys_GetCapability_Complete,Tss2_Sys_CertifyX509_Complete,Tss2_Sys_PolicyPhysicalPresence_Prepare,Tss2_Sys_EncryptDecrypt2_Complete,Tss2_Sys_NV_WriteLock_Complete,Tss2_Sys_NV_DefineSpace_Prepare,Tss2_Sys_AC_GetCapability_Prepare,Tss2_Sys_ACT_SetTimeout_Complete,Tss2_Sys_PCR_Extend_Complete,Tss2_Sys_NV_Read_Complete,Tss2_Sys_ClockSet_Complete,Tss2_Sys_CertifyX509_Prepare,Tss2_Sys_ChangeEPS_Complete,Tss2_Sys_PCR_Event_Complete,Tss2_Sys_LoadExternal_Prepare,Tss2_Sys_ActivateCredential_Complete,Tss2_Sys_PolicyNameHash_Prepare,Tss2_Sys_NV_SetBits_Prepare,Tss2_Sys_PolicyGetDigest_Prepare,Tss2_Sys_PolicyPCR_Complete,Tss2_Sys_ECDH_KeyGen_Complete,Tss2_Sys_ContextSave_Prepare,Tss2_Sys_NV_ChangeAuth_Complete,Tss2_Sys_ObjectChangeAuth_Complete,Tss2_Sys_NV_Write_Prepare,Tss2_Sys_Hash_Prepare,Tss2_Sys_SetAlgorithmSet_Prepare,Tss2_Sys_Import_Prepare,Tss2_Sys_NV_Extend_Prepare,Tss2_Sys_MakeCredential_Complete,Tss2_Sys_ChangePPS_Prepare,Tss2_Sys_CreatePrimary_Prepare,Tss2_Sys_TestParms_Complete,Tss2_Sys_DictionaryAttackLockReset_Complete,Tss2_Sys_GetCapability_Prepare,Tss2_Sys_TestParms_Prepare,Tss2_Sys_Shutdown_Prepare,Tss2_Sys_EventSequenceComplete_Prepare,Tss2_Sys_RSA_Encrypt_Prepare,Tss2_Sys_HMAC_Start_Prepare,Tss2_Sys_ECC_Decrypt_Complete,Tss2_Sys_Shutdown_Complete,Tss2_Sys_EventSequenceComplete_Complete,Tss2_Sys_SelfTest_Prepare,Tss2_Sys_PolicyNV_Prepare,Tss2_Sys_PolicyAuthValue_Complete,Tss2_Sys_EncryptDecrypt2_Prepare,Tss2_Sys_PolicyLocality_Complete,Tss2_Sys_ECDH_ZGen_Complete,Tss2_Sys_CreateLoaded_Complete,Tss2_Sys_EvictControl_Complete,Tss2_Sys_ECC_Parameters_Complete,Tss2_Sys_CertifyCreation_Complete,Tss2_Sys_HierarchyChangeAuth_Prepare,Tss2_Sys_PCR_Extend_Prepare,Tss2_Sys_PCR_Read_Complete,Tss2_Sys_PolicyPassword_Prepare,Tss2_Sys_NV_UndefineSpace_Complete,Tss2_Sys_HierarchyControl_Prepare,Tss2_Sys_PCR_SetAuthPolicy_Complete,Tss2_Sys_AC_Send_Prepare,Tss2_Sys_GetSessionAuditDigest_Prepare,Tss2_Sys_ContextSave_Complete,Tss2_Sys_Unseal_Prepare,Tss2_Sys_NV_Increment_Complete,Tss2_Sys_PolicyTicket_Complete,Tss2_Sys_CreateLoaded_Prepare,Tss2_Sys_HierarchyChangeAuth_Complete,Tss2_Sys_HashSequenceStart_Prepare,Tss2_Sys_EvictControl_Prepare,Tss2_Sys_NV_Extend_Complete,Tss2_Sys_Clear_Complete,Tss2_Sys_Create_Prepare,Tss2_Sys_PolicyNvWritten_Complete,Tss2_Sys_PP_Commands_Prepare,Tss2_Sys_NV_GlobalWriteLock_Prepare,Tss2_Sys_ECC_Encrypt_Complete,Tss2_Sys_SequenceUpdate_Complete,Tss2_Sys_AC_GetCapability_Complete,Tss2_Sys_Sign_Prepare,Tss2_Sys_ZGen_2Phase_Prepare,Tss2_Sys_FieldUpgradeData_Complete,Tss2_Sys_NV_Write_Complete,Tss2_Sys_FieldUpgradeData_Prepare,Tss2_Sys_NV_DefineSpace_Complete,Tss2_Sys_EC_Ephemeral_Complete,Tss2_Sys_Sign_Complete,Tss2_Sys_Rewrap_Prepare,Tss2_Sys_FlushContext_Complete,Tss2_Sys_NV_ReadLock_Complete,Tss2_Sys_PCR_Event_Prepare,Tss2_Sys_Clear_Prepare,Tss2_Sys_EC_Ephemeral_Prepare,Tss2_Sys_StartAuthSession_Prepare,Tss2_Sys_Load_Prepare,Tss2_Sys_PolicyCounterTimer_Complete,Tss2_Sys_EncryptDecrypt_Prepare,Tss2_Sys_ECC_Encrypt_Prepare,Tss2_Sys_ECDH_KeyGen_Prepare,Tss2_Sys_ACT_SetTimeout_Prepare,Tss2_Sys_Startup_Complete,Tss2_Sys_SequenceUpdate_Prepare,Tss2_Sys_PolicyNvWritten_Prepare,Tss2_Sys_PolicyTemplate_Complete,Tss2_Sys_Commit_Prepare,Tss2_Sys_FieldUpgradeStart_Complete,Tss2_Sys_NV_Certify_Prepare,Tss2_Sys_ChangePPS_Complete,Tss2_Sys_NV_ChangeAuth_Prepare,Tss2_Sys_Policy_AC_SendSelect_Complete,Tss2_Sys_ZGen_2Phase_Complete,Tss2_Sys_PolicySigned_Prepare,Tss2_Sys_ContextLoad_Prepare,Tss2_Sys_GetRandom_Prepare,Tss2_Sys_PolicyNameHash_Complete,Tss2_Sys_PolicyCommandCode_Prepare,Tss2_Sys_ReadClock_Complete,Tss2_Sys_Rewrap_Complete,Tss2_Sys_ClearControl_Prepare,Tss2_Sys_PolicyNV_Complete,Tss2_Sys_MakeCredential_Prepare,Tss2_Sys_IncrementalSelfTest_Prepare,Tss2_Sys_PolicyGetDigest_Complete,Tss2_Sys_PolicyAuthValue_Prepare,Tss2_Sys_PCR_Read_Prepare,Tss2_Sys_CreatePrimary_Complete,Tss2_Sys_HMAC_Prepare,Tss2_Sys_IncrementalSelfTest_Complete,Tss2_Sys_ActivateCredential_Prepare,Tss2_Sys_PP_Commands_Complete,Tss2_Sys_HMAC_Start_Complete,Tss2_Sys_Hash_Complete,Tss2_Sys_SequenceComplete_Prepare,Tss2_Sys_PolicyDuplicationSelect_Prepare,Tss2_Sys_GetCommandAuditDigest_Prepare,Tss2_Sys_GetCommandAuditDigest_Complete,Tss2_Sys_GetTime_Prepare,Tss2_Sys_Startup_Prepare,Tss2_Sys_ObjectChangeAuth_Prepare,Tss2_Sys_SetAlgorithmSet_Complete,Tss2_Sys_SetCommandCodeAuditStatus_Prepare,Tss2_Sys_GetSessionAuditDigest_Complete,Tss2_Sys_ECC_Decrypt_Prepare,Tss2_Sys_PCR_SetAuthValue_Complete,Tss2_Sys_ReadPublic_Prepare,Tss2_Sys_PCR_SetAuthValue_Prepare,Tss2_Sys_StirRandom_Prepare,Tss2_Sys_Policy_AC_SendSelect_Prepare,Tss2_Sys_PolicyPCR_Prepare,Tss2_Sys_SelfTest_Complete,Tss2_Sys_Duplicate_Complete,Tss2_Sys_PolicySigned_Complete,Tss2_Sys_PolicyCpHash_Complete,Tss2_Sys_SetPrimaryPolicy_Complete,Tss2_Sys_NV_WriteLock_Prepare,Tss2_Sys_LoadExternal_Complete,Tss2_Sys_RSA_Decrypt_Prepare,Tss2_Sys_NV_UndefineSpaceSpecial_Complete,Tss2_Sys_VerifySignature_Complete,Tss2_Sys_ECDH_ZGen_Prepare,Tss2_Sys_SetPrimaryPolicy_Prepare,Tss2_Sys_PCR_Reset_Complete,Tss2_Sys_Unseal_Complete,Tss2_Sys_Create_Complete,Tss2_Sys_VerifySignature_Prepare,Tss2_Sys_PolicyAuthorize_Prepare,Tss2_Sys_RSA_Decrypt_Complete,Tss2_Sys_PCR_Reset_Prepare,Tss2_Sys_NV_Read_Prepare,Tss2_Sys_SequenceComplete_Complete,Tss2_Sys_NV_UndefineSpaceSpecial_Prepare,Tss2_Sys_EncryptDecrypt_Complete,Tss2_Sys_Quote_Prepare,Tss2_Sys_PolicyCommandCode_Complete,Tss2_Sys_ClockSet_Prepare,Tss2_Sys_PolicyAuthorize_Complete,Tss2_Sys_HMAC_Complete,Tss2_Sys_PolicyAuthorizeNV_Prepare,Tss2_Sys_ReadPublic_Complete,Tss2_Sys_PCR_Allocate_Prepare,Tss2_Sys_PolicyAuthorizeNV_Complete,Tss2_Sys_ClockRateAdjust_Complete,Tss2_Sys_RSA_Encrypt_Complete,Tss2_Sys_PolicyCounterTimer_Prepare,Tss2_Sys_Vendor_TCG_Test_Prepare,Tss2_Sys_FirmwareRead_Complete,Tss2_Sys_CertifyCreation_Prepare,Tss2_Sys_Quote_Complete,Tss2_Sys_NV_Certify_Complete,Tss2_Sys_MAC_Complete,Tss2_Sys_NV_ReadPublic_Complete,Tss2_Sys_NV_ReadPublic_Prepare
213,tremor,decode_fuzzer
214,upx,list_packed_file_fuzzer,decompress_packed_file_fuzzer,test_packed_file_fuzzer
215,uriparser,uri_dissect_query_malloc_fuzzer,uri_dissect_query_mallocw_fuzzer,uri_free_fuzzer,uri_freew_fuzzer,uri_parse_fuzzer,uri_parsew_fuzzer
216,usbguard,fuzzer-usb-descriptor,fuzzer-uevent,fuzzer-rules
217,usrsctp,fuzzer_listen,fuzzer_fragment,fuzzer_connect
218,vorbis,decode_fuzzer
219,wpantund,wpantund-fuzz
220,wuffs,bzip2_fuzzer,zlib_fuzzer,targa_fuzzer,cbor_fuzzer,pixel_swizzler_fuzzer,gif_fuzzer,bmp_fuzzer,jpeg_fuzzer,png_fuzzer,xz_fuzzer,json_fuzzer
221,xmlsec,xmlsec_fuzzer
222,xpdf,fuzz_zxdoc,fuzz_JBIG2,fuzz_pdfload
223,xz,fuzz_decode_alone,fuzz_encode_stream,fuzz_decode_stream,fuzz_decode_stream_mt
224,yaml-cpp,load_fuzzer
225,yara,dex_fuzzer,rules_fuzzer,pe_fuzzer,elf_fuzzer,macho_fuzzer,dotnet_fuzzer
226,zlib,checksum_fuzzer,compress_fuzzer,example_dict_fuzzer,example_flush_fuzzer,gzio_fuzzer,zlib_uncompress2_fuzzer,example_large_fuzzer,zlib_uncompress_fuzzer,example_small_fuzzer,minigzip_fuzzer
227,zlib-ng,fuzzer_checksum,fuzzer_example_small,fuzzer_example_flush,fuzzer_compress,fuzzer_example_large,fuzzer_minigzip,fuzzer_example_dict
228,znc,msg_parse_fuzzer
229,zstd,zstd_frame_info,block_decompress,huf_round_trip,decompress_cross_format,stream_decompress,decompress_dstSize_tooSmall,dictionary_round_trip,simple_decompress,seekable_roundtrip,generate_sequences,fse_read_ncount,huf_decompress,dictionary_loader,simple_compress,simple_round_trip,stream_round_trip,raw_dictionary_round_trip,dictionary_decompress,block_round_trip,sequence_compression_api,dictionary_stream_round_trip
230,libpg,fuzz_parser
231,dng,dng_camera_profile_fuzzer,dng_parser_fuzzer,dng_stage_fuzzer,dng_fixed_validate_fuzzer,dng_validate_fuzzer
